#{"t_start": 1582852208.6189842, "env_id": "CarlaGymEnv-v95"}
r,l,t
-14.225586,40,6.902002
-7.787026,64,11.119038
