#{"t_start": 1582850503.7635043, "env_id": "CarlaGymEnv-v95"}
r,l,t
-14.334857,41,2.74396
-6.510633,46,4.872057
