#{"t_start": 1583015895.2557788, "env_id": "CarlaGymEnv-v95"}
r,l,t
9.165232,36,6.647986
-4.009673,20,7.902194
8.936372,41,10.515292
