#{"t_start": 1585347751.0724492, "env_id": "CarlaGymEnv-v95"}
r,l,t,max index
21.772918,39,8.629427,1
14.337577,26,10.43664,4
21.580546,34,12.841199,9
23.467887,41,15.670958,9
19.427393,32,17.89871,9
28.326688,41,21.02315,10
11.108043,23,22.62518,10
15.067523,26,24.437334,10
