#{"t_start": 1582865419.6714017, "env_id": "CarlaGymEnv-v95"}
r,l,t
-11.149072,42,2.784241
-6.326996,31,4.192321
-6.81239,28,5.492216
-6.994144,41,7.388219
-8.702934,26,8.61218
-7.390167,35,10.340249
-7.92993,24,11.432256
-7.491175,23,12.472238
-7.57228,25,13.588363
-7.64851,21,14.520363
-8.064959,26,15.788269
