#{"t_start": 1583019627.2421944, "env_id": "CarlaGymEnv-v95"}
r,l,t
-23.272373,38,2.559557
-17.691417,28,3.795587
-16.601394,25,4.915437
-18.145611,24,5.971386
-19.667896,26,7.136803
-20.636285,28,8.379408
-16.882294,45,10.471371
